Mutation,mean,std,count
A21P,-7414.228618203582,10.805270957181252,3
A5S,-7408.210604569814,16.45846553474153,3
H163N,-7417.710878110418,8.755076782199614,3
