Mutation,RunID,Score
A5A,3,-6408.455412757403
A5A,1,-6401.318174282369
A5A,2,-6467.352945936178
A5A,4,-6416.808200442524
A5A,5,-6412.965499555601
A5A,6,-6415.602779136194
A5A,7,-6484.415137331337
A5A,8,-6385.953490072109
A5S,4,-6396.723408556722
A5S,2,-6414.092601962317
A5S,3,-6464.389284391207
A5S,1,-6425.342293193627
A5S,5,-6389.594510080078
A5S,8,-6391.699711147308
A5S,7,-6391.5170456608175
A5S,6,-6396.845834218844
M9L,1,-6383.49806614923
M9L,2,-6371.781055930187
M9L,4,-6419.575906862979
M9L,5,-6380.7434991010105
M9L,6,-6396.277152219791
M9L,7,-6409.406247430102
M9L,8,-6397.523271257833
A21P,1,-6404.486170805569
A21P,4,-6410.538350771447
A21P,2,-6414.133644420008
A21P,3,-6484.169548281443
A21P,5,-6487.869665108408
A21P,7,-6420.302760131266
A21P,6,-6385.547229083739
A21P,8,-6411.618401767417