Mutation,RunID,Score
T55L,2,-6406.080863654339
T55L,4,-6404.811910700814
T55L,1,-6378.915930327288
T55L,3,-6436.579708849213
T55L,7,-6402.020319983765
T55L,5,-6422.173271966639
T55L,6,-6374.669073302486
T55L,8,-6388.932298057263
V96A,1,-6416.492286623208
V96A,2,-6480.678341079688
V96A,4,-6428.305198273731
V96A,3,-6407.473644721905
V96A,6,-6413.261219465244
V96A,5,-6405.048511850969
V96A,7,-6407.437452788228
V96A,8,-6394.365989479511
E116G,1,-6455.9353222566915
E116G,3,-6402.076423625971
E116G,4,-6402.6572888812125
E116G,6,-6393.71363250913
E116G,5,-6426.204235842316
E116G,7,-6433.224452977846
E116G,8,-6416.991734925738